<?xml version="1.0" encoding="UTF-8"?><?xml-stylesheet type="text/css" href="idempiereDocument.css"?><idempiereDocument>
    <header>CreateFromRequisition Package Description</header>
    <H1>Package Name:</H1>
    <packagename>CreateFromRequisition</packagename>
    <H1>Author:</H1>
    <Name:/>
    <H1>Email Address:</H1>
    <Email/>
    <H1>Created:</H1>
    <Date>2022-07-29 17:33:07.447</Date>
    <H1>Updated:</H1>
    <Date>2022-07-29 17:38:55.869</Date>
    <H1>Description:</H1>
    <description>Change from 1 PR = 1 PO to 1 PR &gt;=1 PO, Add Column M_RequisitionLine_ID to C_OrderLine, update table C_OrderLine for Column M_RequisitionLine_ID for exisiting trx.</description>
    <H1>Instructions:</H1>
    <instructions/>
    <H1>Files in Package:</H1>
    <file>File: PackOut.xml</file>
    <filedirectory>Directory: \dict\</filedirectory>
    <filenotes>Notes: Contains all application/object settings for package</filenotes>
    <H1>Client:</H1>
    <Client>0-SYSTEM-System</Client>
</idempiereDocument>
