<?xml version="1.0" encoding="UTF-8"?><idempiere Name="CreateFromRequisition" Version="1.0.1" idempiereVersion="" DataBaseVersion="" Description="Change from 1 PR = 1 PO to 1 PR &gt;=1 PO, Add Column M_RequisitionLine_ID to C_OrderLine, update table C_OrderLine for Column M_RequisitionLine_ID for exisiting trx." Author="" AuthorEmail="" CreatedDate="2022-07-29 17:33:07.447" UpdatedDate="2022-07-29 17:38:55.869" PackOutVersion="100" UpdateDictionary="false" Client="0-SYSTEM-System" AD_Client_UU="11237b53-9592-4af1-b3c5-afd216514b5d">
    <AD_Column type="table">
        <IsSyncDatabase>Y</IsSyncDatabase>
        <AD_Table_ID reference="id">703</AD_Table_ID>
        <AD_Reference_Value_ID reference="id"/>
        <AD_Client_ID>0</AD_Client_ID>
        <AD_Org_ID>0</AD_Org_ID>
        <Version>0</Version>
        <Name>Info</Name>
        <Description>Information</Description>
        <Help>The Information displays data from the source document line.</Help>
        <AD_Val_Rule_ID reference="id"/>
        <ColumnName>Info</ColumnName>
        <DefaultValue/>
        <FieldLength>60</FieldLength>
        <IsKey>N</IsKey>
        <IsParent>N</IsParent>
        <IsMandatory>N</IsMandatory>
        <IsTranslated>N</IsTranslated>
        <IsIdentifier>N</IsIdentifier>
        <SeqNo>0</SeqNo>
        <IsEncrypted>N</IsEncrypted>
        <AD_Reference_ID reference="id">10</AD_Reference_ID>
        <AD_Org_ID reference="id">0</AD_Org_ID>
        <IsActive>Y</IsActive>
        <VFormat/>
        <Callout/>
        <AD_Element_ID reference="id">1270</AD_Element_ID>
        <IsUpdateable>N</IsUpdateable>
        <AD_Process_ID reference="id"/>
        <ValueMin/>
        <ValueMax/>
        <IsSelectionColumn>N</IsSelectionColumn>
        <ReadOnlyLogic/>
        <EntityType>U</EntityType>
        <IsAlwaysUpdateable>N</IsAlwaysUpdateable>
        <ColumnSQL>(SELECT DocumentNo || '_' || TO_CHAR(DateDoc,'dd-MON-yyyy') FROM M_Requisition WHERE M_Requisition_ID=M_RequisitionLine.M_Requisition_ID) || '_' || M_RequisitionLine.Line</ColumnSQL>
        <MandatoryLogic/>
        <IsAutocomplete>N</IsAutocomplete>
        <IsAllowLogging>Y</IsAllowLogging>
        <FormatPattern/>
        <AD_Chart_ID reference="id"/>
        <AD_Column_UU>cc4016df-6adc-4650-9b79-ae28a4c3707a</AD_Column_UU>
        <IsAllowCopy>N</IsAllowCopy>
        <SeqNoSelection>0</SeqNoSelection>
        <IsToolbarButton>N</IsToolbarButton>
        <IsSecure>N</IsSecure>
        <FKConstraintName/>
        <FKConstraintType>N</FKConstraintType>
        <PA_DashboardContent_ID reference="id"/>
        <Placeholder/>
        <IsHtml>N</IsHtml>
        <AD_Val_Rule_Lookup_ID reference="id"/>
    </AD_Column>
    <AD_Reference type="table">
        <AD_Client_ID>0</AD_Client_ID>
        <AD_Org_ID>0</AD_Org_ID>
        <Name>M_RequisitionLine</Name>
        <Description/>
        <Help/>
        <ValidationType>T</ValidationType>
        <AD_Org_ID reference="id">0</AD_Org_ID>
        <IsActive>Y</IsActive>
        <VFormat/>
        <EntityType>U</EntityType>
        <IsOrderByValue>N</IsOrderByValue>
        <AD_Reference_UU>a0213589-34c2-4a96-a46b-c1e80f681ba8</AD_Reference_UU>
        <AD_Element_ID reference="id"/>
        <AD_Reference_Trl type="translation">
            <Description/>
            <Help/>
            <Name>M_RequisitionLine</Name>
            <AD_Language>es_CO</AD_Language>
            <IsActive>Y</IsActive>
            <IsTranslated>N</IsTranslated>
        </AD_Reference_Trl>
        <AD_Ref_Table type="table">
            <AD_Client_ID>0</AD_Client_ID>
            <AD_Org_ID>0</AD_Org_ID>
            <AD_Reference_ID reference="uuid" reference-key="AD_Reference">a0213589-34c2-4a96-a46b-c1e80f681ba8</AD_Reference_ID>
            <AD_Table_ID reference="id">703</AD_Table_ID>
            <WhereClause/>
            <OrderByClause/>
            <AD_Org_ID reference="id">0</AD_Org_ID>
            <IsActive>Y</IsActive>
            <IsValueDisplayed>N</IsValueDisplayed>
            <EntityType>U</EntityType>
            <AD_Window_ID reference="id"/>
            <AD_Ref_Table_UU>de7b6324-3ffe-4af5-b67d-cd985849d6b4</AD_Ref_Table_UU>
            <AD_InfoWindow_ID reference="id"/>
            <AD_Display reference="uuid" reference-key="AD_Column">cc4016df-6adc-4650-9b79-ae28a4c3707a</AD_Display>
            <AD_Key reference="id">11495</AD_Key>
        </AD_Ref_Table>
    </AD_Reference>
    <AD_Column type="table">
        <IsSyncDatabase>Y</IsSyncDatabase>
        <AD_Table_ID reference="id">260</AD_Table_ID>
        <AD_Reference_Value_ID reference="uuid" reference-key="AD_Reference">a0213589-34c2-4a96-a46b-c1e80f681ba8</AD_Reference_Value_ID>
        <AD_Client_ID>0</AD_Client_ID>
        <AD_Org_ID>0</AD_Org_ID>
        <Version>0</Version>
        <Name>Requisition Line</Name>
        <Description>Material Requisition Line</Description>
        <Help/>
        <AD_Val_Rule_ID reference="id"/>
        <ColumnName>M_RequisitionLine_ID</ColumnName>
        <DefaultValue/>
        <FieldLength>22</FieldLength>
        <IsKey>N</IsKey>
        <IsParent>N</IsParent>
        <IsMandatory>N</IsMandatory>
        <IsTranslated>N</IsTranslated>
        <IsIdentifier>N</IsIdentifier>
        <SeqNo>0</SeqNo>
        <IsEncrypted>N</IsEncrypted>
        <AD_Reference_ID reference="id">18</AD_Reference_ID>
        <AD_Org_ID reference="id">0</AD_Org_ID>
        <IsActive>Y</IsActive>
        <VFormat/>
        <Callout/>
        <AD_Element_ID reference="id">2453</AD_Element_ID>
        <IsUpdateable>N</IsUpdateable>
        <AD_Process_ID reference="id"/>
        <ValueMin/>
        <ValueMax/>
        <IsSelectionColumn>N</IsSelectionColumn>
        <ReadOnlyLogic/>
        <EntityType>U</EntityType>
        <IsAlwaysUpdateable>N</IsAlwaysUpdateable>
        <ColumnSQL/>
        <MandatoryLogic/>
        <IsAutocomplete>N</IsAutocomplete>
        <IsAllowLogging>Y</IsAllowLogging>
        <FormatPattern/>
        <AD_Chart_ID reference="id"/>
        <AD_Column_UU>023b1cd3-483e-43fc-961c-c5b6ceebfa06</AD_Column_UU>
        <IsAllowCopy>Y</IsAllowCopy>
        <SeqNoSelection>0</SeqNoSelection>
        <IsToolbarButton>N</IsToolbarButton>
        <IsSecure>N</IsSecure>
        <FKConstraintName>MRequisitionLine_COrderLine</FKConstraintName>
        <FKConstraintType>N</FKConstraintType>
        <PA_DashboardContent_ID reference="id"/>
        <Placeholder/>
        <IsHtml>N</IsHtml>
        <AD_Val_Rule_Lookup_ID reference="id"/>
    </AD_Column>
    <AD_Field type="table">
        <AD_Client_ID>0</AD_Client_ID>
        <AD_Org_ID>0</AD_Org_ID>
        <Name>Requisition Line</Name>
        <Description>Material Requisition Line</Description>
        <Help/>
        <AD_Tab_ID reference="id">293</AD_Tab_ID>
        <AD_Column_ID reference="uuid" reference-key="AD_Column">023b1cd3-483e-43fc-961c-c5b6ceebfa06</AD_Column_ID>
        <IsDisplayed>Y</IsDisplayed>
        <DisplayLogic/>
        <DisplayLength>0</DisplayLength>
        <SeqNo>350</SeqNo>
        <SortNo>0</SortNo>
        <IsSameLine>N</IsSameLine>
        <IsHeading>N</IsHeading>
        <IsFieldOnly>N</IsFieldOnly>
        <IsEncrypted>N</IsEncrypted>
        <AD_Org_ID reference="id">0</AD_Org_ID>
        <IsActive>Y</IsActive>
        <IsReadOnly>Y</IsReadOnly>
        <IsCentrallyMaintained>Y</IsCentrallyMaintained>
        <AD_FieldGroup_ID reference="id"/>
        <EntityType>U</EntityType>
        <ObscureType/>
        <AD_Reference_ID reference="id"/>
        <IsMandatory/>
        <DefaultValue/>
        <AD_Reference_Value_ID reference="id"/>
        <AD_Val_Rule_ID reference="id"/>
        <Included_Tab_ID reference="id"/>
        <AD_Field_UU>42a40410-8d9f-4e5c-8ce9-f26e9a05dd93</AD_Field_UU>
        <IsAllowCopy/>
        <IsDisplayedGrid>Y</IsDisplayedGrid>
        <SeqNoGrid>350</SeqNoGrid>
        <XPosition>4</XPosition>
        <ColumnSpan>2</ColumnSpan>
        <NumLines>1</NumLines>
        <IsQuickEntry>N</IsQuickEntry>
        <IsUpdateable/>
        <IsAlwaysUpdateable/>
        <MandatoryLogic/>
        <ReadOnlyLogic/>
        <IsToolbarButton/>
        <IsDefaultFocus>N</IsDefaultFocus>
        <IsAdvancedField>N</IsAdvancedField>
        <VFormat/>
        <AD_LabelStyle_ID reference="id"/>
        <AD_FieldStyle_ID reference="id"/>
        <IsQuickForm>N</IsQuickForm>
        <Placeholder/>
        <IsSelectionColumn/>
        <AD_Val_Rule_Lookup_ID reference="id"/>
        <ColumnSQL/>
        <AD_Field_Trl type="translation">
            <Description>Material Requisition Line</Description>
            <Help/>
            <Name>Requisition Line</Name>
            <Placeholder/>
            <AD_Language>es_CO</AD_Language>
            <IsActive>Y</IsActive>
            <IsTranslated>N</IsTranslated>
        </AD_Field_Trl>
    </AD_Field>
    <SQLStatement type="custom">
        <DBType>ALL</DBType>
        <statement>
            <![CDATA[UPDATE C_Orderline ol SET M_RequisitionLine_ID = (SELECT M_RequisitionLine_ID FROM M_RequisitionLine rl WHERE rl.C_OrderLine_ID=ol.C_OrderLine_ID) ]]>
        </statement>
    </SQLStatement>
</idempiere>
