<?xml version="1.0" encoding="UTF-8"?><idempiere Name="CreateFromRequisition" Version="1.0.0" idempiereVersion="" DataBaseVersion="" Description="Add Column di table C_Order&#10;Add Button di window Purchase Order" Author="" AuthorEmail="" CreatedDate="2022-02-10 15:35:24.515" UpdatedDate="2022-07-20 15:11:40.452" PackOutVersion="100" UpdateDictionary="false" Client="0-SYSTEM-System" AD_Client_UU="11237b53-9592-4af1-b3c5-afd216514b5d">
    <AD_Column type="table">
        <IsSyncDatabase>Y</IsSyncDatabase>
        <AD_Table_ID reference="id">259</AD_Table_ID>
        <AD_Reference_Value_ID reference="id"/>
        <AD_Client_ID>0</AD_Client_ID>
        <AD_Org_ID>0</AD_Org_ID>
        <Version>0</Version>
        <Name>Create lines from</Name>
        <Description>Process which will generate a new document lines based on an existing document</Description>
        <Help>The Create From process will create a new document based on information in an existing document selected by the user.</Help>
        <AD_Val_Rule_ID reference="id"/>
        <ColumnName>CreateFrom</ColumnName>
        <DefaultValue/>
        <FieldLength>1</FieldLength>
        <IsKey>N</IsKey>
        <IsParent>N</IsParent>
        <IsMandatory>N</IsMandatory>
        <IsTranslated>N</IsTranslated>
        <IsIdentifier>N</IsIdentifier>
        <SeqNo>0</SeqNo>
        <IsEncrypted>N</IsEncrypted>
        <AD_Reference_ID reference="id">28</AD_Reference_ID>
        <AD_Org_ID reference="id">0</AD_Org_ID>
        <IsActive>Y</IsActive>
        <VFormat/>
        <Callout/>
        <AD_Element_ID reference="id">1490</AD_Element_ID>
        <IsUpdateable>Y</IsUpdateable>
        <AD_Process_ID reference="id"/>
        <ValueMin/>
        <ValueMax/>
        <IsSelectionColumn>N</IsSelectionColumn>
        <ReadOnlyLogic/>
        <EntityType>U</EntityType>
        <IsAlwaysUpdateable>N</IsAlwaysUpdateable>
        <ColumnSQL/>
        <MandatoryLogic/>
        <IsAutocomplete>N</IsAutocomplete>
        <IsAllowLogging>Y</IsAllowLogging>
        <FormatPattern/>
        <AD_Chart_ID reference="id"/>
        <AD_Column_UU>a6f39f74-28f5-4246-9392-0fd39fb5d450</AD_Column_UU>
        <IsAllowCopy>Y</IsAllowCopy>
        <SeqNoSelection>0</SeqNoSelection>
        <IsToolbarButton>Y</IsToolbarButton>
        <IsSecure>N</IsSecure>
        <FKConstraintName/>
        <FKConstraintType>N</FKConstraintType>
        <PA_DashboardContent_ID reference="id"/>
        <Placeholder/>
        <IsHtml>N</IsHtml>
        <AD_Val_Rule_Lookup_ID reference="id"/>
    </AD_Column>
    <AD_Field type="table">
        <AD_Client_ID>0</AD_Client_ID>
        <AD_Org_ID>0</AD_Org_ID>
        <Name>Create From Requisition</Name>
        <Description>Process which will generate a new document lines based on an existing document</Description>
        <Help>The Create From process will create a new document based on information in an existing document selected by the user.</Help>
        <AD_Tab_ID reference="id">294</AD_Tab_ID>
        <AD_Column_ID reference="uuid" reference-key="AD_Column">a6f39f74-28f5-4246-9392-0fd39fb5d450</AD_Column_ID>
        <IsDisplayed>Y</IsDisplayed>
        <DisplayLogic/>
        <DisplayLength>0</DisplayLength>
        <SeqNo>490</SeqNo>
        <SortNo>0</SortNo>
        <IsSameLine>N</IsSameLine>
        <IsHeading>N</IsHeading>
        <IsFieldOnly>N</IsFieldOnly>
        <IsEncrypted>N</IsEncrypted>
        <AD_Org_ID reference="id">0</AD_Org_ID>
        <IsActive>Y</IsActive>
        <IsReadOnly>N</IsReadOnly>
        <IsCentrallyMaintained>Y</IsCentrallyMaintained>
        <AD_FieldGroup_ID reference="id"/>
        <EntityType>U</EntityType>
        <ObscureType/>
        <AD_Reference_ID reference="id"/>
        <IsMandatory/>
        <DefaultValue/>
        <AD_Reference_Value_ID reference="id"/>
        <AD_Val_Rule_ID reference="id"/>
        <Included_Tab_ID reference="id"/>
        <AD_Field_UU>982e321d-af12-4542-8b86-5e74c3c2f0f2</AD_Field_UU>
        <IsAllowCopy/>
        <IsDisplayedGrid>Y</IsDisplayedGrid>
        <SeqNoGrid>490</SeqNoGrid>
        <XPosition>1</XPosition>
        <ColumnSpan>1</ColumnSpan>
        <NumLines>1</NumLines>
        <IsQuickEntry>N</IsQuickEntry>
        <IsUpdateable/>
        <IsAlwaysUpdateable/>
        <MandatoryLogic/>
        <ReadOnlyLogic/>
        <IsToolbarButton/>
        <IsDefaultFocus>N</IsDefaultFocus>
        <IsAdvancedField>N</IsAdvancedField>
        <VFormat/>
        <AD_LabelStyle_ID reference="id"/>
        <AD_FieldStyle_ID reference="id"/>
        <IsQuickForm>N</IsQuickForm>
        <Placeholder/>
        <IsSelectionColumn/>
        <AD_Val_Rule_Lookup_ID reference="id"/>
        <ColumnSQL/>
        <AD_Field_Trl type="translation">
            <Description>Process which will generate a new document lines based on an existing document</Description>
            <Help>The Create From process will create a new document based on information in an existing document selected by the user.</Help>
            <Name>Create lines from</Name>
            <Placeholder/>
            <AD_Language>es_CO</AD_Language>
            <IsActive>Y</IsActive>
            <IsTranslated>N</IsTranslated>
        </AD_Field_Trl>
    </AD_Field>
</idempiere>
